region,month,revenue
Northeast,1,532914.57
Northeast,2,516405.13
Northeast,3,536839.9
Northeast,4,559598.78
Northeast,5,513912.01
Northeast,6,513912.44
Northeast,7,561059.53
Northeast,8,539953.3
Northeast,9,507793.67
Northeast,10,534106.56
Northeast,11,507951.14
Northeast,12,507891.03
Midwest,1,516170.04
Midwest,2,461211.35
Midwest,3,466014.6
Midwest,4,495661.67
Midwest,5,484172.81
Midwest,6,518013.31
Midwest,7,486845.39
Midwest,8,473986.26
Midwest,9,547374.04
Midwest,10,504242.7
Midwest,11,511721.97
Midwest,12,473668.92
Southeast,1,466934.81
Southeast,2,482662.14
Southeast,3,452376.15
Southeast,4,489016.75
Southeast,5,465584.67
Southeast,6,472999.35
Southeast,7,358868.43
Southeast,8,404267.15
Southeast,9,369750.3
Southeast,10,350432.35
Southeast,11,385217.08
Southeast,12,347414.39
West,1,596161.48
West,2,532189.73
West,3,550818.51
West,4,595807.41
West,5,611784.76
West,6,595055.36
West,7,586588.38
West,8,581117.44
West,9,546383.6
West,10,568764.6
West,11,576411.16
West,12,621185.11
